{
  "assetsByChunkName": {
    "vendors~app-account~app-checkout~app-confirmation~app-order": "chunk.aa71dadd1c27cc7ee0ca.js",
    "vendors~app-account~app-confirmation~app-order": "chunk.b709d92fa91acf6157b2.js",
    "vendors~app-account~app-checkout": "chunk.365b4caf056f4f7b886d.js",
    "vendors~app-cart~app-checkout": "chunk.f7c5bb1658f52ca94e68.js",
    "admin": [
      "admin.2f71447e37519210ac3e.js",
      "admin.2f71447e37519210ac3e.js.map"
    ],
    "app-account": "chunk.dfe7c3796a69bdd6346d.js",
    "app-checkout": "chunk.bd3eb51248678b1f4070.js",
    "app-confirmation": "chunk.bb6bb8b8d9c570b1d8aa.js",
    "app-order": "chunk.032c0afbf9adc5c46178.js",
    "checkout": [
      "checkout.972a2421e40fcd443133.js",
      "checkout.972a2421e40fcd443133.js.map"
    ],
    "storefront": [
      "storefront.856a66bd24ca9397ad76.css",
      "storefront.6093c388250752d735c0.js",
      "storefront.856a66bd24ca9397ad76.css.map",
      "storefront.6093c388250752d735c0.js.map"
    ],
    "vendors~app-cart": "chunk.f93a3f31cdd805bcde21.js"
  }
}