{
  "meta_title": "",
  "meta_description": "",
  "sections": [
    {
      "type": "banner-slider",
      "autoplay": 1000,
      "full_width": true,
      "slides": [
        {
          "start": "2023-05-01T03:00:00.000Z",
          "end": "2023-07-08T03:00:00.000Z",
          "img": "/img/uploads/banner-outlet-1.png"
        }
      ]
    },
    {
      "type": "info-bar",
      "enabled": true
    },
    {
      "type": "collection-shelf",
      "shuffle": true,
      "collection_id": null,
      "sort": "offers",
      "title": "",
      "headless": false,
      "limit": 12,
      "page": 1
    },
    {
      "type": "page-title",
      "title": "Enovita - Vinhos que inspiram",
      "description": "Vinhos que inspiram"
    }
  ]
}